Question,Chunk
"Что может случиться, если не проверить заказ в программе?","Если менеджер забыл сверить в программе, сколько и каких товаров выдал покупателю, спишется неправильная сумма или покупатель получит не свой заказ"
Куда отправлять возвраты?,"Чтобы подготовить возврат к отправке: - Надёжно упакуйте товар, чтобы вещь не повредилась и не потерялась во время транспортировки. - Если упаковка повреждённая или недостаточно ненадёжная, укрепите её скотчем или замените на новую. - Если товар без упаковки, сложите вещь в пакет. Не забудьте про штрихкод: его нужно найти в системе, написать номер на бумаге от руки и приклеить на пакет прозрачным скотчем. Так менеджеры склада смогут идентифицировать вещь. - Перейдите в раздел «Коробки в офисе». - Отсканируйте или введите вручную ШК товара и добавьте его в нужную коробку. - Если нет открытых коробок, переведите раскладку на английский язык и отсканируйте возвратную наклейку или введите вручную буквы TRBX и номер коробки в таком формате: TRBX261484964. - Поместите вещь в возвратную коробку."
Как правильно оформлять возврат товара без штрих-кода?,"Если принимаете возврат с товаром без наклейки со штрихкодом, напишите номер на бумаге и вложите его в пакет вместе с товаром. Не стоит писать ШК на коробке или баркоде. - Перед тем как отправить возвратную коробку на склад, снимите лишние наклейки: старые ШК коробки и товаров. - Не создавайте в программе виртуальные возвратные коробки с несуществующим товаром: двойным или некорректным ШК."
Как завершить приемку товара без штрихкода?,"На товаре нет штрихкода при приемке: Способ 1  1. Если на товаре есть баркод, откройте раздел «Движение вещей» 2. Пикните баркод вещи — в программе отобразится приходная коробка и штрихкод товара  Способ 2  1. Запишите данные коробки, в которой был товар 2. Когда завершите приёмку, создайте обращение 3. Укажите номер коробки и баркод вещи — КЦ пришлют правильный штрихкод  Способ 3  1. После того как приняли и разложили все товары, откройте раздел «Движение вещей» 2. Выберите нужную дату: в окне отобразится операция «Завершение приёмки коробки» 3. Скопируйте номер из столбца «ШК / Стикер» 4. Перейдите в раздел «История ШК» и вставьте номер в пустое поле 5. Сравните вещь с карточкой товара. Если совпадает, примите товар вручную и напишите ШК на пакете. Если нет, напишите руководителю или в поддержку"
Какие сканеры у нас в пункте?,В фирменных пунктах выдачи Wildberries используют один из этих сканеров:  - Zebra DS2278 - MERTECH - MINDEO
Какие товары требуют особой внимательности при приеме?,"Будьте внимательны, когда принимаете технически сложные товары. Всегда делайте это под камерами, чтобы зафиксировать, в каком состоянии вещь приехала в пункт выдачи. Так у вас будет доказательство на случай спорной ситуации. "
Как оформляется возврат товара в системе NPOS/OFFLINE?,"В разделе ""Возврат товара"" NPOS/OFFLINE можно провести возврат, который покупатель решил сделать после того, как забрал заказ из ПВЗ. Чтобы принять возврат: 1. Отсканируйте штрихкод на упаковке. 2. Если штрихкода нет, введите номер покупателя в поисковой строке через «7». 3. Откройте профиль покупателя — в разделе отобразятся его заказы за последние 14 дней. Проставьте галочку в левом столбце в строке товара, который нужно вернуть. 4. Отсканируйте баркод товара. 5. Сверьте марку, модель и размер с описанием в программе и карточкой товара. 6. Проверьте навесную бирку и штрихкод. Если вещь вернут в упаковке с другим ШК, программа посчитает это недостачей. 7. Если все соответствует описанию, нажмите на кнопку «Выполнить возврат» в правом нижнем правом углу. Деньги вернутся в течение 14 рабочих дней — точные сроки зависят от банка.  "
"Куда складываем товары, которые не забрали?","С излишками и невостребованными товарами нужно поступить так же, как с обычными возвратами. Добавьте излишки и невостребованные товары в виртуальную коробку в рабочей программе, упакуйте в картонную коробку и отправьте вместе с остальными возвратами. На складе товары переупакуют и отправят правильный пункт выдачи или вернут продавцу."
Что такое ТП?,"Команда Wildberries использует много терминов и аббревиатур. Разберём основные из них, чтобы вам было проще общаться с коллегами и покупателями:  — ТП — торговая площадка. В нашем случае — платформа (маркетплейс) Wildberries.  — ПВЗ — пункт выдачи заказов. Это место, куда покупатели приходят за посылками. Сейчас у нас больше 28 тысяч пунктов по всей России и за пределами страны.  — ШК офиса (ПВЗ) — уникальный штрихкод, который даёт доступ к рабочему интерфейсу NPOS. Его можно посмотреть на ресепшене ПВЗ или уточнить у руководителя. Формат кода: OFFC000000000.  — ID (айди) офиса (ПВЗ) — номер пункта выдачи в системе Wildberries. ID офиса можно посмотреть в левом верхнем углу рабочего интерфейса в программе NPOS. Идентификационный номер помогает быстро и точно определить местоположение ПВЗ. Не забывайте указывать ID офиса, когда будете составлять обращения.  — ID (айди) менеджера — номер вашей учетной записи в системе Wildberries. ID менеджера можно посмотреть в левом верхнем углу рабочего интерфейса, рядом с вашим именем. Не забывайте указывать ID менеджера, когда будете составлять обращения.  — ШК — штрихкод. Он есть на упаковке каждого товара и на приходных коробках. По штрихкоду можно узнать содержимое посылки, адрес отправителя и получателя.  — Стикер — так же, как и штрихкод, помогает узнать информацию о заказе, но с его помощью нельзя искать товар в рабочей системе.  — Баркод — это штрихкод производителя на бирке или упаковке товара. По баркоду можно сверять данные о товаре с информацией, указанной в программе: размер, цвет, бренд и другие характеристики.  — QR-код — это двумерный штрихкод с информацией. QR-код можно расшифровать с помощью сканера или камеры смартфона.  — Волна или волнорез — стеллаж, где хранятся товары.  — Приходная коробка — упаковка, в которой заказы приходят в пункт выдачи. На такой коробке всегда есть QR-код с номером коробки, номером пути и адресом ПВЗ. Обязательно сверяйте адрес, зашифрованный в QR-коде, с фактическим адресом пункта выдачи.  — Невостребованный товар — это товар, который покупатель по какой-то причине не забрал из ПВЗ в течение 12 дней.  — Возвратная коробка — упаковка, в которой невостребованные товары отправляют обратно на склад. Возвратные коробки могут быть разных размеров и форм — все зависит от типа и количества товара.  — Возвратная наклейка — элемент упаковки со штрихкодом и номером коробки. Эти наклейки нужны для того, чтобы возвраты не потерялись в пути.  — Сейф-пакет — специальная упаковка для ювелирных изделий и дорогих гаджетов. Сейф-пакет защищает от кражи и повреждений. На каждом изделии должна быть пломба и бирка с информацией о товаре."
"Что делать, если нет фирменных пакетов?","Обратитесь к своему руководителю, если возникли проблемы или нестандартные ситуации, такие как:— закончились фирменные пакеты  — вы не знаете пароль от компьютера, не можете подключиться к WiFi  — вы не знаете ШК офиса  — отвязался сканер, возникли сложности с видеонаблюдением или другой техникой  — вы хотите, чтобы вас кто-то подменил на время  — возникли проблемы с ботом-помощником"
"Что делать, если покупатель называет нас мошенниками?","Пришёл товар с дефектом, не получилось оформить возврат, деньги списали не за тот товар — всё это может привести к конфликту в пункте выдачи. Задача менеджера — разрядить эмоциональное напряжение и создать доверительную атмосферу, чтобы найти решение вместе с покупателем.  От того, как вы с этим справитесь, зависит ваш рейтинг. Если всё пройдёт хорошо, покупатель не поставит низкую оценку. Читайте больше о рейтинге в инструкции Как поддерживать высокий рейтинг"
"Что нужно сделать, чтобы узнать, где сейчас находится определенный товар?","Когда не можете найти товар: 1. Скажите покупателю, что вам нужно больше времени, чтобы найти заказ на складе. Не переключайтесь на другого клиента, даже если в очереди есть другие люди 2. Проверьте ближайшие и созвучные ячейки: товар могли по ошибке убрать на соседнее место или положить на ячейку 122 или 132 вместо правильной ячейки 22 3. Откройте раздел «Движение вещей», введите штрихкод и проверьте дату и время приёмки товара 4. Откройте раздел «Видеонаблюдение», перемотайте запись на нужное время и проследите, куда положили товар 5. Если не получилось найти товар, скажите об этом покупателю и поставьте отметку в программе, в столбце «Потерял». У вас будет 24 часа на то, чтобы найти товар 6. Предложите покупателю зайти позже или оставить номер телефона на случай, если товар найдётся. Не настаивайте, если покупатель не хочет делиться контактами 7. Если не было предоплаты и от товара можно отказаться, покупателю не обязательно ждать 24 часа. В этом случае клиент может сразу же отказаться от товара  Когда поставите отметку «Потерял», за товар начислится долг — он упадёт на баланс менеджера, который принимал заказ после сортировочного центра"
"А что с духами, можно их вернуть?","К невозвратным товарам относятся: - парфюмерно-косметические товары, - постельное бельё, - предметы личной гигиены, - товары 18+, - нижнее и чулочно-носочное бельё, - ювелирные изделия, - бытовая химия и агрохимикаты, - печатные издания: книги, брошюры, альбомы, ноты, календари, буклеты."
"Что нужно сделать с товаром, который возвращают?","Как собрать возвратную коробку:  1. Перейдите в раздел «Вещи в офисе» и найдите все товары, которые нужно вернуть. 2. Перейдите в раздел «Коробки в офисе». 3. Если в разделе нет открытой коробки, переведите раскладку клавиатуры на английский язык и отсканируйте возвратную наклейку. 4. В коробку с нужным номером отсканируйте штрихкоды товаров или введите номера вручную. 5. Упакуйте товары в коробку. 6. Закройте возвратную коробку. Для этого перейдите в раздел «Коробки в офисе», откройте возвратную коробку с нужным номером, нажмите «Закрыть коробку». 7. Заклейте коробку скотчем. - После того, как заполните и запечатаете возвратную коробку, переставьте её на склад. - В конце рабочего дня поставьте возвратные коробки в клиентскую зону (КЗ). - Все коробки должны стоять одной стороной — той, где штрихкоды. Этикетки наклеивайте только на меньшую боковую грань.  Отправьте возврат на склад в течение 3 дней  Лучше сделать это в тот же день, в который вы закрыли возвратную коробку. Если не успеете отправить возврат вовремя, товар исчезнет из вкладки «Возврат товаров», и у вас появится долг в размере стоимости этой вещи."
Какие роутеры у нас используются?,"Если в пункте выдачи есть роутер, подключите и настроите его самостоятельно или с помощью провайдера."
"Что делать, если покупатель обнаружил бракованный товар?","Если после покупки товара был выявлен производственный дефект товара или его несоответствие заказанному, предупредите покупателя. Объясните, что возврат товара возможен только после одобрения заявки на проверку качества - Помогите с заявкой. Расскажите, как создать заявку в личном кабинете и прикрепить фотографии дефектов - Контролируйте эмоции. Если покупатель настроен агрессивно, сохраняйте спокойствие и вежливо объясните, что заявка поможет решить проблему - Разъясните процедуру. Расскажите о последовательности действий и подчеркните, что заявка — единственный способ решить проблему - Привлеките горячую линию. Если покупатель не верит вашим словам, посоветуйте обратиться на горячую линию: 8 (495) 755-55-05"
Когда можно принимать коробки на баланс?,"Когда убедитесь, что все коробки доставили, примите их на баланс офиса в рабочей программе.  Принимайте коробки только под камерами видеонаблюдения  1. Из меню слева перейдите в раздел «Приёмка» → Приём коробок 2. Смените раскладку клавиатуры на английский язык. Если этого не сделать, система покажет ошибку «Невалидный ШК» 3. Нажмите на пустую строку и отсканируйте QR-код на приходной коробке. Если всё в порядке, она отобразится ниже с фиолетовой галочкой 4. Если QR-код не читается, введите номер коробки вручную в формате TRBX0000000 — вместо нулей укажите номер коробки"
Когда нужно уточнять у покупателя про оплату?,"Обязательно спрашивайте о способе оплаты перед тем, как выдать заказ. Если покупатель платит через WB Кошелёк, посоветуйте проверить сумму. Когда в кошельке не хватает денег, стоимость заказа списывается с привязанной к профилю карты."
"Что будет, если я отправлю не тот товар на склад?","Если вы не заметите подмену и отправите на склад не тот товар, из зарплаты вычтут сумму в размере стоимости вещи."
Какая площадь занята складами у Wildberries?,"Wildberries — крупнейший онлайн-ретейлер в России и СНГ. Название маркетплейса переводится как «дикие ягоды». Основатели компании, Татьяна и Владислав Бакальчук, начали бизнес в 2004 году с небольшого магазина детской одежды. Они сделали ставку на сервис и разнообразие, предложили покупателям удобные условия и высокий уровень обслуживания.  Стратегия оправдала себя: сегодня на Wildberries представлено около 600 000 брендов от более чем 1 млн продавцов. На складах компании хранится в среднем около 470 млн товаров, а совокупная площадь складских помещений составляет более 2,8 млн м².  Первый пункт выдачи заказов (ПВЗ) открылся в 2010 году в Москве, а после пункты стали появляться и в других городах: к 2012 году сеть насчитывала уже 134 точки. Компания продолжает расти и развиваться. Теперь ПВЗ Wildberries есть в Беларуси, Казахстане, Кыргызстане, Армении, Израиле, Молдове, Турции, Узбекистане и Азербайджане. Сейчас у компании больше 30 000 пунктов выдачи в России и за её пределами.  Ещё немного цифр:  - Каждый день на Wildberries оформляют 7 млн заказов. - Ежедневно больше 10 млн товаров отправляются в пункты выдачи. - 80% заказов доставляют уже на следующий день. - Больше 90% пользователей — постоянные покупатели Wildberries."
Как минимизировать риск удержаний за порчу товара?,"Как избежать вычета за порчу товара: Не ставьте отметки маркером или ручкой на упаковке или самом товаре. Если нужно обозначить номер ячейки, пользуйтесь бумажными стикерами для заметок — такими, которые легко и без следов отклеиваются с поверхности. - Напоминайте покупателю, что нужно проверять товар под камерами до примерки и оплаты. - Не принимайте обычный возврат, если на товаре есть загрязнения. Такие вещи можно вернуть только с одобренной заявкой."
"Что делать, если покупатель не доволен ответом на его заявку на возврат?","Если заявку на возврат отклонили, а вещь действительно бракованная, вежливо попросите покупателя заполнить заявку ещё раз, приложить более чёткие фотографии и видео, подробнее описать дефект. Важно донести до покупателя, что заявка — единственный способ решения проблемы. И если правильно заполнить форму, ситуация решится в его пользу. Не вступайте в конфликт, если покупателя не устроил ваш ответ. Спокойно предложите ему обратиться на горячую линию по телефонам:  8 (495) 775-55-05"
Как мы можем освежить воздух в помещении?,Проветривайте помещение в течение дня. Можно использовать ароматический диффузор или интерьерный парфюм с нейтральным запахом для борьбы с неприятными ароматами
Что такое возвратная коробка?,"Команда Wildberries использует много терминов и аббревиатур. Разберём основные из них, чтобы вам было проще общаться с коллегами и покупателями:  — ТП — торговая площадка. В нашем случае — платформа (маркетплейс) Wildberries.  — ПВЗ — пункт выдачи заказов. Это место, куда покупатели приходят за посылками. Сейчас у нас больше 28 тысяч пунктов по всей России и за пределами страны.  — ШК офиса (ПВЗ) — уникальный штрихкод, который даёт доступ к рабочему интерфейсу NPOS. Его можно посмотреть на ресепшене ПВЗ или уточнить у руководителя. Формат кода: OFFC000000000.  — ID (айди) офиса (ПВЗ) — номер пункта выдачи в системе Wildberries. ID офиса можно посмотреть в левом верхнем углу рабочего интерфейса в программе NPOS. Идентификационный номер помогает быстро и точно определить местоположение ПВЗ. Не забывайте указывать ID офиса, когда будете составлять обращения.  — ID (айди) менеджера — номер вашей учетной записи в системе Wildberries. ID менеджера можно посмотреть в левом верхнем углу рабочего интерфейса, рядом с вашим именем. Не забывайте указывать ID менеджера, когда будете составлять обращения.  — ШК — штрихкод. Он есть на упаковке каждого товара и на приходных коробках. По штрихкоду можно узнать содержимое посылки, адрес отправителя и получателя.  — Стикер — так же, как и штрихкод, помогает узнать информацию о заказе, но с его помощью нельзя искать товар в рабочей системе.  — Баркод — это штрихкод производителя на бирке или упаковке товара. По баркоду можно сверять данные о товаре с информацией, указанной в программе: размер, цвет, бренд и другие характеристики.  — QR-код — это двумерный штрихкод с информацией. QR-код можно расшифровать с помощью сканера или камеры смартфона.  — Волна или волнорез — стеллаж, где хранятся товары.  — Приходная коробка — упаковка, в которой заказы приходят в пункт выдачи. На такой коробке всегда есть QR-код с номером коробки, номером пути и адресом ПВЗ. Обязательно сверяйте адрес, зашифрованный в QR-коде, с фактическим адресом пункта выдачи.  — Невостребованный товар — это товар, который покупатель по какой-то причине не забрал из ПВЗ в течение 12 дней.  — Возвратная коробка — упаковка, в которой невостребованные товары отправляют обратно на склад. Возвратные коробки могут быть разных размеров и форм — все зависит от типа и количества товара.  — Возвратная наклейка — элемент упаковки со штрихкодом и номером коробки. Эти наклейки нужны для того, чтобы возвраты не потерялись в пути.  — Сейф-пакет — специальная упаковка для ювелирных изделий и дорогих гаджетов. Сейф-пакет защищает от кражи и повреждений. На каждом изделии должна быть пломба и бирка с информацией о товаре."
"Что можно использовать, чтобы убрать неприятные запахи?",Проветривайте помещение в течение дня. Можно использовать ароматический диффузор или интерьерный парфюм с нейтральным запахом для борьбы с неприятными ароматами
Когда придут деньги на хозяйственные нужды?,На следующий день после смены вам на счёт в личном кабинете Wildberries придут деньги на хозяйственные нужды для пополнения запасов. Сумму можно вывести себе на карту и самостоятельно заказать расходники
Какие товары вообще нельзя вернуть?,"К невозвратным товарам относятся: - парфюмерно-косметические товары, - постельное бельё, - предметы личной гигиены, - товары 18+, - нижнее и чулочно-носочное бельё, - ювелирные изделия, - бытовая химия и агрохимикаты, - печатные издания: книги, брошюры, альбомы, ноты, календари, буклеты."
"Как включить звук на компьютере, если кнопка неактивна?","Звук не работает нигде:  1. Проверьте, не выключен ли звук на компьютере 2. Если кнопка звука на панели выглядит неактивной, нажмите на неё. Если не помогло: 1. Откройте меню 2. Перейдите в «Мультимедиа (Аудио)» 3. Затем выберите «Регулятор громкости PulseAudio (Микшер)» 4. Убедитесь, что во вкладке «Конфигурация» выбрали профиль «Аналоговый стерео дуплекс» 5. Проверьте устройство во вкладке «Устройства вывода». Если вы пользуетесь компьютером HP и звук играет с самого устройства, выберите «Динамики». Если подключены колонки, выберите соответствующее устройство, например, «Аналоговые наушники». 6. Во вкладке «Проигрывание» в правом нижнем углу окна выберите «All Streams»."
"Как отметить в системе, что товар возвращается?","В разделе ""Возврат товара"" NPOS/OFFLINE можно провести возврат, который покупатель решил сделать после того, как забрал заказ из ПВЗ. Чтобы принять возврат: 1. Отсканируйте штрихкод на упаковке. 2. Если штрихкода нет, введите номер покупателя в поисковой строке через «7». 3. Откройте профиль покупателя — в разделе отобразятся его заказы за последние 14 дней. Проставьте галочку в левом столбце в строке товара, который нужно вернуть. 4. Отсканируйте баркод товара. 5. Сверьте марку, модель и размер с описанием в программе и карточкой товара. 6. Проверьте навесную бирку и штрихкод. Если вещь вернут в упаковке с другим ШК, программа посчитает это недостачей. 7. Если все соответствует описанию, нажмите на кнопку «Выполнить возврат» в правом нижнем правом углу. Деньги вернутся в течение 14 рабочих дней — точные сроки зависят от банка.  "
А пакеты-майки мы тоже сканируем?,"Фирменные пакеты бесплатные, а пакет-майка стоит 5 рублей.Отсканируйте штрихкод пакета, даже если он бесплатный. Это нужно для отчётности."
"Куда нужно загрузить доказательства, если я хочу оспорить недостачу?","Доказательства, чтобы оспорить удержание, нужно будет добавить в папку на Яндекс Диске. Ниже рассказываем, какие материалы пригодятся, чтобы оспорить недостачу:  - Если ШК не поступил со склада  Прикрепите запись с камеры наблюдения, как вы разбираете приходную коробку. На видео должен быть весь процесс: от момента, когда вы вскрыли коробку, и до того, как приняли последний ШК.  - Если возврат не доехал до склада  Прикрепите запись с камеры наблюдения, как вы собираете возвратную коробку: от начала и до момента закрытия коробки, также предоставьте видео того, как водитель забирает возвратную коробку.  - Если на товаре 2 штрихкода  Когда будете принимать такой товар, сделайте фотографии и запишите видео, чтобы были видны оба штрихкода. Сохраните материалы на Яндекс Диске. Когда нужно будет оспорить удержание, прикрепите файлы и добавьте видео того, как принимали товар.  - Если пришла пустая упаковка  Если вы обнаружили упаковку без товара внутри, когда принимали товар, зафиксируйте это на фото или видео. Важно, чтобы штрихкод было чётко видно. Чтобы оспорить недостачу, прикрепите запись с камеры наблюдения: приёмку товара, выдачу заказа и момент, когда клиент отказывается от товара, а также скриншот с отметкой о браке в программе."
Есть ли у нас какие-то рекомендации по поддержанию порядка?,"Обязанности менеджера по поддержанию чистоты: -В радиусе 5 м от пункта чисто — территория выглядит ухоженной - На фасаде нет надписей, граффити и объявлений - Урны чистые, заполнены не больше, чем на ⅓ - Ступеньки чистые - Вывеска чистая, подсветка работает - Двери в пункт чистые: без отпечатков пальцев и грязи - Двери открываются легко, доводчик исправный - Дверные ручки чистые с наружной и с внутренней стороны - Есть табличка «Открыто-закрыто-перерыв» - Лайтбокс с режимом работы чистый, включён 24/7  Вместо лайтбокса могут быть брендированная пластиковая табличка или наклейка. Они тоже должны быть чистыми и в хорошем состоянии"
"Как найти нужный товар для возврата, если нет штрихкода?","Если при возврате товара клиентом штрихкода нет, введите номер покупателя в поисковой строке через 7, перейдите в профиль клиента, найдите нужный товар в заказах, поставьте галочку в строке товара, отсканируйте баркод.Продолжайте возврат по обычному сценарию"
Как удалить все старые подключения к интернету?,"Чтобы удалить все старые подключения: -1. Нажмите на значок подключения в правом нижнем или верхнем углу экрана. Обычно он выглядит как две стрелочки или два монитора 2. Проверьте, что есть галочка в поле «Включить поддержку сети» 3. Нажмите «Изменить соединения» 4. В открывшемся окне выберите каждое соединение в списке и нажмите кнопку «-», чтобы удалить их все 5. Перезагрузите компьютер 6. После перезагрузки на компьютере появится одно соединение, и он автоматически получит IP-адрес"
"Что нужно проверить на коробке перед тем, как ее принять?","Проверьте коробки. На каждой коробке есть транспортировочная наклейка. Прежде чем принять коробку на баланс, сверьте адрес на наклейке с фактическим адресом вашего пункта выдачи. Если адрес совпал, переходите к следующему шагу."
"Как оформить возврат, если покупатель обнаружил брак?","Если при возврате вы обнаружите брак или дефект, вежливо попросите покупателя создать заявку на брак через профиль в приложении или на сайте WB.  Без заявки принимать возврат нельзя: за это из зарплаты вычтут стоимость товара  - Предложите покупателю помощь с заявкой. Подробная инструкция есть в разделе «Как создать заявку на возврат в профиле покупателя». - Если покупатель уже создал заявку на брак, найдите его профиль в системе по ШК товара или номеру телефона. - Нажмите на кнопку «Заявки на товар по браку» в правом верхнем углу. В этом разделе отображаются заявки и их статус: «Отклонено», «На рассмотрении» или «Одобрено». - Изучите содержание заявки: проверьте, по какой причине покупатель хочет вернуть товар и соответствует ли вещь этому описанию. - Если всё в порядке, нажмите на кнопку «Выполнить возврат». - Предупредите покупателя, что возврат денег может занять до 7 календарных дней. Подробности — на сайте WB."
"Что нужно сделать, чтобы водитель WB Go мог выгрузить товар?","Если курьер будет выгружать товары по программе WB Go, нужно открыть эту вкладку и показать водителю QR-код."
Почему покупатели часто злятся на нас?,"Покупатели не знают, как устроены процессы в Wildberries, поэтому направляют негатив на менеджера пункта, даже если ошибка произошла не по вашей вине.  Что делать,  если возник конфликт:  - Не поддавайтесь эмоциям, если покупатель проявляет агрессию и провоцирует. - Говорите спокойно и чётко, даже когда ситуация накаляется. - Не принимайте негатив на свой счёт. Постарайтесь как можно лучше разобраться в проблеме. Покажите искренний интерес, чтобы покупатель понимал, что ему хотят помочь.  Что делать:  - Узнайте имя. Обращайтесь к покупателю только так, как он представился. Если обсуждаете проблему при покупателе с сотрудником поддержки или руководством, не используйте местоимения «он» или «она» — называйте клиента по имени. - Выслушайте. Дайте покупателю высказаться и не перебивайте — так вы сможете понять контекст и вникнуть в суть проблемы. - Задайте вопросы. Когда покупатель закончит монолог, вежливо уточните то, что не поняли: «Я правильно вас услышал…?» «Я правильно понимаю, что…?» - Проявите эмпатию. Посочувствуйте, если покупатель расстроен: «Мне очень жаль, что вы получили вещь с дефектом». «Понимаю, как это неприятно». «Понимаю ваше негодование». - Извинитесь, если действительно допустили ошибку: «Извините, что списал деньги не за тот товар». «Простите за неудобства». «Извините, что вам приходится разбираться с этим». «Это моя ошибка, простите». Когда дали покупателю высказаться и разобрались в ситуации, предложите решение.  Что делать:  - Решите проблему. Проговорите все шаги для покупателя: «Сейчас мы вместе посмотрим товар под камерами и всё проверим. Если с вещью снова будут проблемы, сразу оформим возврат». - Предложите альтернативу. Если не можете решить проблему здесь и сейчас, помогите создать заявку на проверку товара или связаться со службой поддержки. - Не стесняйтесь обратиться за советом. Если не знаете, как поступить, попросите помочь более опытного коллегу или руководство."
Как избавиться от товара с истекшим сроком годности?,"Во вкладке «Утиль» отображаются товары, которые нужно утилизировать самостоятельно. В том числе вещи с дефектами, у которых истек срок годности. Чтобы утилизировать товары, отметьте нужные позиции в системе и нажмите на кнопку «Утилизировать»."
"Как избежать удержания за брак, который не существует?","Чтобы избежать вычета из-за брака, внимательно проверяйте товар перед выдачей и после примерки. - Если заметили дефект, сразу ставьте отметку в программе NPOS — так вы не попадёте под коллективную ответственность за брак. - Когда покупатель отказывается от товара из-за брака, обязательно рассмотрите вещь и убедитесь, что дефект действительно есть. Если поставите отметку о браке на товар, у которого нет дефекта, с вас удержат стоимость обратной доставки на склад."
"Как поступить, если покупатель не хочет ждать 24 часа?","Когда не можете найти товар: 1. Скажите покупателю, что вам нужно больше времени, чтобы найти заказ на складе. Не переключайтесь на другого клиента, даже если в очереди есть другие люди 2. Проверьте ближайшие и созвучные ячейки: товар могли по ошибке убрать на соседнее место или положить на ячейку 122 или 132 вместо правильной ячейки 22 3. Откройте раздел «Движение вещей», введите штрихкод и проверьте дату и время приёмки товара 4. Откройте раздел «Видеонаблюдение», перемотайте запись на нужное время и проследите, куда положили товар 5. Если не получилось найти товар, скажите об этом покупателю и поставьте отметку в программе, в столбце «Потерял». У вас будет 24 часа на то, чтобы найти товар 6. Предложите покупателю зайти позже или оставить номер телефона на случай, если товар найдётся. Не настаивайте, если покупатель не хочет делиться контактами 7. Если не было предоплаты и от товара можно отказаться, покупателю не обязательно ждать 24 часа. В этом случае клиент может сразу же отказаться от товара  Когда поставите отметку «Потерял», за товар начислится долг — он упадёт на баланс менеджера, который принимал заказ после сортировочного центра"
Что чаще всего провоцирует конфликты с покупателями?,"Конфликты и недовольство чаще всего возникают, если: - менеджер делает что-то не так, например, случайно выдаёт невозвратный товар; - покупатель невнимательно оформляет заказ, например, не замечает, что отказ от товара платный или вещь невозвратная.  Рассказываем, как вести себя в конфликтной ситуации, в инструкции Как построить конструктивный диалог с покупателем​"
"Что с компом, экран черный?","Чёрный экран после загрузки Linux: 1. Перезагрузите или включите компьютер, если он выключен 2. Когда нажмёте на кнопку запуска, одновременно удерживайте клавишу Shift, чтобы попасть в «Загрузчик» 3. Если не получилось, перезагрузите компьютер ещё раз. Пока устройство загружается, нажимайте Shift несколько, пока не появится меню, описанное ниже 4. В открывшемся окне выберите «Дополнительные параметры для Ubuntu» и нажмите Enter 5. В следующем меню выберите пункт, который относится к ядру 4.15.0-192-generic, и нажмите Enter 6. Когда компьютер загрузится, откройте меню, перейдите в раздел «Интернет» и запустите приложение Anydesk 7. Запишите ID, который отображается в этой программе 8. Оправьте обращение в службу технической поддержки по адресу helpdesk.wb.pvz@yandex.ru  На клавиатуре 2 клавиши Shift Если ни одна из клавиш не реагирует, попробуйте клавишу Tab. Если клавиатура не работает, отключите все USB-устройства и попробуйте вставить клавиатуру в другой разъём"
Когда я должен доложить руководителю о готовности?,"Что нужно сделать менеджеру за день? Сверяйтесь с этим чек-листом в течение дня. Советуем приходить хотя бы за 30 минут до смены, чтобы спокойно подготовиться к открытию  1. Осмотрите пункт выдачи:  - Нет следов взлома или протечек - Сообщить руководителю, какие коробки пришли, а какие — нет - Проверить оборудование: всё должно работать  2. Осмотрите стол менеджера:  - На столе чисто: нет мусора и личных вещей - Нет следов скотча и маркера - Есть ножницы, канцелярский нож, маркеры, скотч и возвратные наклейки - Есть пакеты всех 4 размеров: большой, средний, маленький и пакет-майка - Провода лежат аккуратно, не путаются  3. Откройте рабочую программу:  - Убедиться, что интернет работает - Войти в NPOS  Если не знаете пароль от компьютера или WiFi, обратитесь к руководителю  4. Проверьте камеры:  - Видеонаблюдение работает: есть онлайн-трансляция в разделе «Видеонаблюдение» или в программе DMSS - На камерах видно основные зоны: клиентскую и склад  5. Примите товары:  - Проверить, что адрес на коробках совпадает с адресом ПВЗ - Принять и разобрать коробки - Разложить товары из приходных коробок по ячейкам - Вернуться в раздел «Приёмка» и нажать на кнопку «Разбор окончен»  Принимайте и разбирайте коробки только под камерой видеонаблюдения  Нельзя принять больше 10 коробок одновременно. Отсканируйте первые 10 коробок, разберите их, а потом переходите к следующим 10 коробкам  6. Соберите возвраты:  - Создать возвратную коробку - Добавить в коробку отказные и невостребованные товары  7. Напишите руководителю:  - Сообщить, что пункт готов к работе - Рассказать о проблемах, если они есть  8. Откройте пункт и начните выдавать заказы:  - Проверять товар на брак под камерами вместе с покупателем перед примеркой - После примерки проверять, что товар не подменили и не испортили внешний вид - Сверять штрихкоды на пакетах, чтобы не перепутать товары между собой - Если брак есть, сразу отмечать его в программе - Если брак на неотказном или невозвратном товаре, помочь покупателю с заявкой на возврат - Озвучивать покупателю количество товаров и общую сумму перед оплатой - Проверять, что деньги списались  Сейчас заказы часто оплачивают через WB Кошелёк. Спросите у покупателя, есть ли на счёте деньги, прежде чем списать оплату  9. Если нужно на перерыв, повесьте на дверь табличку с номером телефона менеджера, временем начала и окончания перерыва  За рабочий день можно сделать 4 перерыва. Каждый — не больше 15 минут  10. Перед закрытием выдайте последний заказ и подготовьте возвраты:  - Закрыть последний заказ в программе - Собрать отказы, возвраты и невостребованные товары - Отправить отказы клиентов после примерки и возвраты из дома в тот же день - Проверить вкладку «Вещи в офисе». В ней должны отображаться только неизвестные товары: с 2 штрихкодами, излишки и пересорт  Товары, которые доставили в пункт по ошибке, отправляйте на склад вместе с обычными возвратами  11. Приведите в порядок ПВЗ:  - Прибраться в клиентской зоне и на складе - Оставить несколько пустых коробок под возвраты на завтра - Порезать остальные коробки и создать для картона возвратную коробку в программе - Закрыть возвратные коробки в программе - Поставить коробки с картоном и возвратами под камерой  12. Осмотрите и закройте пункт:  - Нет протечек, замыкания или других проблем - Выключить свет - Закрыть дверь"
"Откуда берется эта 0,025%?","На хозяйственные нужды выделяют 0.025% от выручки ПВЗ  Пример: За день пункт выдачи заработал 200 000 ₽. На хозяйственные нужды менеджеру начислят 0,025% от этой суммы — 50 ₽"
С чем нужно сравнить адрес на наклейке?,"Проверьте коробки. На каждой коробке есть транспортировочная наклейка. Прежде чем принять коробку на баланс, сверьте адрес на наклейке с фактическим адресом вашего пункта выдачи. Если адрес совпал, переходите к следующему шагу."
Где искать SSID и пароль для Wi-Fi?,"На планшете используйте Wi-Fi интернет. SSID и пароль от Wi-Fi указаны на нижней части роутера. Там же есть адрес, например, 192.168.1.1, 192.168.0.1 или router.asus.com. Перейдите по этому адресу, выберите тип соединения WAN и введите настройки, если они не автоматические. Эту информацию предоставляет провайдер."
Как сканировать товары с браком?,Во вкладке "Дефекты" можно просканировать бракованный товар.
"Куда обращаться, если нужно оспорить списание?","Чтобы оспорить недостачу и удержание: -Откройте спор в течение 3 дней с того момента, как получили вычет. - Понятно опишите, что произошло. Можно сделать это в самом обращении или приложить документ в формате DOC или DOCX. Файл предварительно добавьте в ту же папку на Яндекс Диске, где будут и остальные материалы. - Убедитесь, что ссылка на Яндекс Диск работает. Не удаляйте папку с материалами, пока спор не закончился. - Пронумеруйте фотографии и видео в хронологическом порядке — так запрос рассмотрят быстрее. - Не откладывайте ответ надолго, если вас попросили прислать дополнительную информацию или материалы. - Соблюдайте правила деловой переписки и не оскорбляйте специалистов."
"Что делать, если адрес на коробке не соответствует?","Если при приемке адрес на коробке не совпал,  не принимайте коробку на баланс офиса. Отложите её, запишите номер и адрес назначения, а затем отправьте информацию руководителю. Коробку, которую доставили по ошибке, передайте курьеру. Обязательно делайте это под камерами видеонаблюдения.  Если вы по ошибке приняли товар из поставки для другого пункта выдачи, он будет отображаться в системе как неизвестный ШК. Отсканируйте этот товар в возвратную коробку и передайте курьеру."
Сколько времени может занять возврат денег покупателю?,При возврате деньги вернутся покупателю на счет в течение 14 рабочих дней — точные сроки зависят от банка.  
Зачем вообще нужна инвентаризация?,"Провести инвентаризацию — значит проверить остатки на складе и сравнить их с данными из рабочей программы. Так можно понять, какие товары и ценности пропали из ПВЗ.  Инвентаризация может занять много времени — лучше провести её после смены или вместе с коллегой."
"Где можно посмотреть, в какой коробке приехал товар?","В разделе «Движение вещей» можно посмотреть движение всех товаров за день в ПВЗ. Введите ШК товара в строку поиска, чтобы проверить:  - когда и во сколько приняли товар; - в какой коробке товар поступил в ПВЗ; - выкупили товар или отказались от него; - в какую коробку с возвратом добавили товар; - перемещали ли товар с ячейки на ячейку или полку."
"Что нужно сделать, чтобы доказать, что мы не виноваты в недостаче?","Если недостача произошла не по вашей вине, оспорьте вычет через «Заявку на оспаривание» в программе NPOS. В форме есть поле «Назначить на ревизию» — из выпадающего списка нужно выбрать склад или сортировочный центр (СЦ), где будут разбираться в ситуации.  Задача менеджера — по истории штрихкода правильно определить место, где товар сканировали в последний раз. Ниже рассказываем, как это сделать.  Чтобы правильно выбрать склад или СЦ, ориентируйтесь на историю перемещений товара: вещь могут подменить, не принять на складе или потерять в пути."
Сколько дней клиент может не забирать отложенный заказ?,"Покупатель может попросить вас отложить товары. Но если в заказе несколько позиций, вернуть на полку можно только все товары вместе — разделять заказ нельзя. Чтобы отложить заказ, нажмите на кнопку «Снять с примерки» в нижнем правом углу и следуйте инструкциям, а затем верните товары на прежнее место. Важно напомнить покупателю, что срок хранения — 12 календарных дней с момента доставки в пункт. "
Интернет сегодня работает?,"Если не работает интернет, попробуйте зайти на другие сайты. Если ссылки не открываются:  1. Перезагрузите роутер: выключите и включите устройство с помощью кнопки. 2. Проверьте, подключен ли интернет-кабель к устройству, а роутер — к электросети. 3. Если не помогло, раздайте интернет через смартфон. 4. Предупредите руководителя, что прямой эфир видеонаблюдения прервался."
"Где взять новый тейбл-тент, если старый вышел из строя?","Если сломалась или повредилась мебель, зеркало или коврик, сообщите руководителю, что нужен ремонт. - Если сломался светильник или перегорела лампочка, замените на такие же самостоятельно или сообщите руководителю о проблеме. - Если сломался тейбл-тент — подставка для объявлений — закажите новый на WB или попросите руководителя. Артикулы: 20868971 или 97295309  Нельзя использовать картон вместо тейбл-тентов и писать объявления от руки"
Как сохранить нужный фрагмент записи с камер?,Как смотреть и сохранять записи на компьютере: Подключите USB-флешку или внешний жёсткий диск к регистратору. Затем в разделе архива выберите нужный отрезок видео с помощью инструмента «Ножницы» и сохраните его
"Что случится, если я отправлю заявку на рассмотрение с ошибкой?","Оспаривание в программе NPOS / OFFLINE: -1. Перейдите в раздел «Баланс» из меню слева. 2. Откройте вкладку «Недостачи» — тут можно посмотреть все удержания. В колонке «№» указан номер удержания, в «Дате создания» — день, когда его выставили, в «Комментарии» — пояснение от склада, а в «Сумме» — общая стоимость товаров. 3. Нажмите на кнопку «Детали», если хотите посмотреть информацию о товарах. 4. Чтобы оспорить удержание, нажмите на кнопку «Оспорить». Откроется окно «Заявка на оспаривание», где нужно описать ситуацию и добавить ссылку на Яндекс Диск с доказательствами. 5. Укажите склад или сортировочный центр, куда нужно направить заявку. Читайте, как это сделать, в инструкции Куда отправлять заявку, когда оспариваете недостачу​ 6. Отслеживайте статус заявки в колонке «История спора». Советуем заходить туда почаще — у вас могут запросить дополнительные видео или фотографии.  Будьте внимательны, когда заполняете форму: Заявку не получится отредактировать после того, как отправите её на рассмотрение"
Как найти информацию о перемещении товара по штрихкоду?,"В разделе «Движение вещей» можно посмотреть движение всех товаров за день в ПВЗ. Введите ШК товара в строку поиска, чтобы проверить:  - когда и во сколько приняли товар; - в какой коробке товар поступил в ПВЗ; - выкупили товар или отказались от него; - в какую коробку с возвратом добавили товар; - перемещали ли товар с ячейки на ячейку или полку."
Как я могу отправить бракованный товар в брак?,"Если в пункт выдачи приехал бракованный товар: -1. Перейдите в раздел «Дефекты» и отсканируйте товар, а затем нажмите на кнопку «Отправить в брак». Так вы исключите себя из коллективной ответственности. 2. Сохраните скриншот с отметкой о браке в программе. Он пригодится, если нужно будет оспорить удержание. "
"Где можно посмотреть, сколько я уже заработал?","Во вкладке «Заработок» вы можете следить за состоянием личного счёта: посмотреть общую сумму заработка, узнать, за какие операции начисляли вознаграждение, и проверить недостачи.  Рядом с общей суммой на вкладке «Заработок» есть кнопка «Посмотреть по дням» — нажмите на неё, чтобы узнать более подробную информацию о начислениях и продуктивности за интересующую дату."
Есть ли инструкции по настройке для других брендов роутеров?,Настройка роутера TP-Link  https://docs.google.com/document/d/1MZ1--LGUhcu6CwGtiS9j2XD9_n88luvXTLgGW2EFaqg/edit
"Куда обращаться, если не могу подключиться к Wi-Fi?","Обратитесь к своему руководителю, если возникли проблемы или нестандартные ситуации, такие как:— закончились фирменные пакеты  — вы не знаете пароль от компьютера, не можете подключиться к WiFi  — вы не знаете ШК офиса  — отвязался сканер, возникли сложности с видеонаблюдением или другой техникой  — вы хотите, чтобы вас кто-то подменил на время  — возникли проблемы с ботом-помощником"
"Как понять, какая коробка нужна для возврата?","Совет по поводу того, какие коробки использовать как возвратные. Для возврата можно использовать те же коробки, в которых заказы приезжают в пункт выдачи. Отложите часть упаковки после того, как примете товары. Если коробки не пригодятся в течение дня, их всегда можно порезать и сдать вместе с картоном. "
"Что делать, если клиент хочет пакет, а не знает, какой?","Фирменные пакеты бесплатные, а пакет-майка стоит 5 рублей.Отсканируйте штрихкод пакета, даже если он бесплатный. Это нужно для отчётности."
Где искать настройки звука?,"Если нужно настроить звук, который не работает, когда добавляете товары в коробку: 1. Перейти в коробку 2. Поставить галочку над «Звуковыми уведомлениями»"
Какой браузер нужно использовать?,"Если планшет не проговаривает ячейки, проверьте настройки звука на планшете и убедитесь, что используете браузер Mozilla Firefox."
"Что делать, если возникла непредвиденная ситуация?","Сохраняйте спокойствие в случае непредвиденной ситуации.Постарайтесь не нервничать и сконцентрироваться. Свяжитесь с руководителем. Как можно скорее сообщите о проблеме. Объясните, что случилось. Чётко и понятно передайте суть проблемы."
Можно ли проводить инвентаризацию вдвоём?,"Провести инвентаризацию — значит проверить остатки на складе и сравнить их с данными из рабочей программы. Так можно понять, какие товары и ценности пропали из ПВЗ.  Инвентаризация может занять много времени — лучше провести её после смены или вместе с коллегой."
"Что делать с вещами, которые уже нельзя продавать?","Некоторые вещи нельзя продать или вернуть на склад — только утилизировать. Рассказываем об этих товарах и о том, как правильно освобождать склад."
А что такое этот баркод на товаре?,"Команда Wildberries использует много терминов и аббревиатур. Разберём основные из них, чтобы вам было проще общаться с коллегами и покупателями:  — ТП — торговая площадка. В нашем случае — платформа (маркетплейс) Wildberries.  — ПВЗ — пункт выдачи заказов. Это место, куда покупатели приходят за посылками. Сейчас у нас больше 28 тысяч пунктов по всей России и за пределами страны.  — ШК офиса (ПВЗ) — уникальный штрихкод, который даёт доступ к рабочему интерфейсу NPOS. Его можно посмотреть на ресепшене ПВЗ или уточнить у руководителя. Формат кода: OFFC000000000.  — ID (айди) офиса (ПВЗ) — номер пункта выдачи в системе Wildberries. ID офиса можно посмотреть в левом верхнем углу рабочего интерфейса в программе NPOS. Идентификационный номер помогает быстро и точно определить местоположение ПВЗ. Не забывайте указывать ID офиса, когда будете составлять обращения.  — ID (айди) менеджера — номер вашей учетной записи в системе Wildberries. ID менеджера можно посмотреть в левом верхнем углу рабочего интерфейса, рядом с вашим именем. Не забывайте указывать ID менеджера, когда будете составлять обращения.  — ШК — штрихкод. Он есть на упаковке каждого товара и на приходных коробках. По штрихкоду можно узнать содержимое посылки, адрес отправителя и получателя.  — Стикер — так же, как и штрихкод, помогает узнать информацию о заказе, но с его помощью нельзя искать товар в рабочей системе.  — Баркод — это штрихкод производителя на бирке или упаковке товара. По баркоду можно сверять данные о товаре с информацией, указанной в программе: размер, цвет, бренд и другие характеристики.  — QR-код — это двумерный штрихкод с информацией. QR-код можно расшифровать с помощью сканера или камеры смартфона.  — Волна или волнорез — стеллаж, где хранятся товары.  — Приходная коробка — упаковка, в которой заказы приходят в пункт выдачи. На такой коробке всегда есть QR-код с номером коробки, номером пути и адресом ПВЗ. Обязательно сверяйте адрес, зашифрованный в QR-коде, с фактическим адресом пункта выдачи.  — Невостребованный товар — это товар, который покупатель по какой-то причине не забрал из ПВЗ в течение 12 дней.  — Возвратная коробка — упаковка, в которой невостребованные товары отправляют обратно на склад. Возвратные коробки могут быть разных размеров и форм — все зависит от типа и количества товара.  — Возвратная наклейка — элемент упаковки со штрихкодом и номером коробки. Эти наклейки нужны для того, чтобы возвраты не потерялись в пути.  — Сейф-пакет — специальная упаковка для ювелирных изделий и дорогих гаджетов. Сейф-пакет защищает от кражи и повреждений. На каждом изделии должна быть пломба и бирка с информацией о товаре."
"Что делать, если не можем купить нужные расходники?","Какие расходные материалы должны быть в пункте: - Средство для мытья пола, - Средство для мытья стёкол, - Скотч, - Канцелярские ножи и сменные лезвия, - Тряпки для уборки, - Ластики, ручки, фломастеры и маркеры, - Возвратные наклейки, - Влажные салфетки, - Бумага А4, - Картриджи для принтера, - Рожки для обуви, - Крючки для примерочных, - Ароматические диффузоры.  Пополняйте запасы расходников на деньги, которые выделяют на хозяйственные нужды. Если возникнут проблемы, сообщите руководителю"
Как сканировать товар с QR-кодом?,"Если на товаре при приемке вместо ШК стикер с QR-кодом, сканируйте его так же, как и обычный штрихкод."
"Куда обращаться, если нашли проданный товар на складе?","Если вы нашли на складе уже проданный товар, создайте обращение. Выберите «Связь с клиентом» → Найден проданный товар. Заполните форму и укажите ШК товара."
"Что делать, если клиент хочет вернуть товар без бирки?","Если при возврате на товаре нет навесной бирки, примите возврат по стандартной процедуре. В этом случае создавать заявку на брак не нужно."
"Как быть, если клиент не может оформить заявку на возврат?","Изучите приложение Wildberries для покупателей. Так вы сможете ответить на самые популярные вопросы: где посмотреть QR-код, как проверить статус заказа или как оформить заявку на возврат через профиль."
Что можно увидеть в разделе про примерку?,"В разделе «Клиенты на примерке» можно посмотреть покупателей, которые примеряют товары в пункте."
Что важнее: принять посылку или помочь клиенту?,"На первом месте для менеджера — обслужить покупателя. Если кто-то придёт за заказом, пока вы принимаете дневную доставку, коробки лучше отложить."
Как связать сканер с планшетом?,Чтобы подключить сканер MINDEO через Bluetooth на планшете: 1. Отсканируйте штрихкод на картинке https://disk.yandex.ru/d/oZa8HAIqhqfaew 2. На планшете перейдите в раздел «Настройки Bluetooth». 3. Выберите сканер в списке доступных устройств.
Где должны храниться коробки с возвратами?,"Возвратная коробка всё время должна находиться в зоне видимости камер: с момента, как вы открыли коробку, и до тех пор, пока не выставите её в КЗ."
Что можно делать в разделе «Приемка»?,"С помощью интерфейса в разделе ""Приемка"" вы cможете принимать товары.  Приёмка включает два этапа: - Отсканируйте транспортировочную наклейку на коробке — голосовой помощник сообщит, что коробка принята. За один раз можно принять не более 10 штук. - Обязательно сверяйте адрес на приходной коробке с фактическим адресом пункта — они должны совпадать. - Коробки и товары нужно принимать только под камерой видеонаблюдения. Так у вас будет доказательство в случае, если возникнет спорная ситуация. Например, чтобы оспорить недостачу. "
"Куда обращаться, если забыл пароль от компа?","Обратитесь к своему руководителю, если возникли проблемы или нестандартные ситуации, такие как:— закончились фирменные пакеты  — вы не знаете пароль от компьютера, не можете подключиться к WiFi  — вы не знаете ШК офиса  — отвязался сканер, возникли сложности с видеонаблюдением или другой техникой  — вы хотите, чтобы вас кто-то подменил на время  — возникли проблемы с ботом-помощником"
Какие бывают виды товаров по возврату?,"Возвраты бывают следующих видов: - Отказ. Покупатель отказался от товара при получении в ПВЗ. - Обычный возврат. Покупатель забрал заказ, но передумал и принёс вещь в пункт. - Возврат по браку. Покупатель оформил заявку на проверку товара, а потом принёс вещь в пункт. - Невостребованный товар. Клиент не забрал заказ в течение 12 дней. - Излишек или пересорт. Товар случайно доставили не в тот пункт выдачи."
Как часто нужно делать генеральную уборку?,"Как часто проводить генеральную уборку, решает руководитель пункта. Обычно — от 1 раза в неделю до 1 раза в 1-2 месяца.  Что сделать:  - Выполнить все пункты из чек-листа «Ежедневная уборка» - Убрать паутину из углов - Отмыть ножи и ножницы от скотча, заменить лезвия - Протереть технику, антивандальный ящик - Протереть мебель - Протереть огнетушители и подставки под них - Постирать шторы из примерочных - Помыть коврики - Заказать расходники, если что-то закончилось"
"Как узнать, как покупатель планирует оплатить заказ без предоплаты?","Чтобы выдать заказ покупателю, найдите покупателя и проверьте статус заказа. 1. Откройте вкладку «Поиск клиентов» в программе NPOS, отсканируйте QR-код или введите номер вручную 2. Проверьте, готов ли товар к выдаче. Если заказ ещё не приехал, попросите покупателя зайти позже, когда статус изменится на «Готов к выдаче»  Если система выдаёт ошибку «Невозможно открыть страницу с информацией о клиенте», закройте вкладку поиска и повторите всё заново. Далее вынесите товары со склада. 3 Сообщите покупателю, сколько товаров в заказе 4. Посмотрите номер ячейки, найдите товары на складе и вынесите их покупателю 5. Пересчитайте товары перед покупателем 6. Если в заказе есть невозвратные или неотказные товары, обязательно предупредите покупателя 7.Попросите покупателя осмотреть товар. 8. Обязательно напомните, что это нужно делать на столе выдачи, под камерами наблюдения.9. Передайте покупателю товары вместе с упаковкой, если он хочет примерить вещи 10. Напомните, что каждую вещь нужно вернуть в своей упаковке, чтобы не перепутать штрихкоды 11. Проверьте состояние вещей после того, как их вернут с примерки.12. Когда покупатель будет готов забрать заказ, предложите пакет. Фирменные пакеты бесплатные, а пакет-майка стоит 5 рублей 13. Отсканируйте штрихкод пакета, даже если он бесплатный. Это нужно для отчётности.14. Проверьте статус оплаты. Будьте особенно внимательны с заказами, где есть товары с пломбами и ювелирные изделия 15. Если предоплаты нет, узнайте, каким способом покупатель будет платить: картой или через WB Кошелёк 16. Нажмите кнопку «Выдать товар»"
В чём опасность выдачи товара без сверки?,"Если менеджер забыл сверить в программе, сколько и каких товаров выдал покупателю, спишется неправильная сумма или покупатель получит не свой заказ"
"Как поступить, если покупатель обнаружит брак в товаре?","Если покупатель обнаружил брак и отказывается от товара: 1. Обязательно рассмотрите вещь и убедитесь, что дефект действительно есть. Если поставите отметку о браке на товар, у которого нет дефекта, с вас удержат стоимость обратной доставки на склад. 2. Поставьте галочку в столбце «Возврат», выберите вариант «Брак» и опишите дефект. 3. Сделайте скриншот отметки и комментария на случай, если нужно будет оспорить удержание. 4. Перейдите в раздел «Дефекты» и отсканируйте товар, а затем нажмите на кнопку «Отправить в брак». Это нужно сделать до того, как оформите отказ от товара. Так с покупателя не спишут деньги за обратную доставку.  Если повредилась транспортировочная упаковка, это не брак. Но если упаковка вещи — часть комплекта, то дефекты на ней будут считаться браком, даже если с самой вещью всё в порядке."
"Какой статус у заказа, когда его можно забрать?","Какими бывают статусы заказа: -Оформлен: заказ принят в системе - Отправлен на сборку: товар проверяют и готовят к отправке - Собран: товар в наличии, заказ подтвердили и упаковали - Отсортирован: заказ готов к транспортировке - В пути на СЦ: заказ доставляют в сортировочный центр - В пути на пункт выдачи: заказ везут в пункт выдачи - Готов к выдаче: заказ можно забирать - Получен: покупатель забрал заказ - Возврат: покупатель вернул товар"
"Что делать, если нужно на перерыв в пиковые часы?","Предупреждайте о перерывах. Не отлучайтесь в пиковые часы, чтобы перед дверью не собиралась очередь. Если закрываете пункт, не забудьте повесить табличку с номером и временем перерыва.  В течение дня можно делать не больше 4 технических перерывов по 15 минут."
"Что делать, если мы не можем сразу решить проблему покупателя?","Покупатели не знают, как устроены процессы в Wildberries, поэтому направляют негатив на менеджера пункта, даже если ошибка произошла не по вашей вине.  Что делать,  если возник конфликт:  - Не поддавайтесь эмоциям, если покупатель проявляет агрессию и провоцирует. - Говорите спокойно и чётко, даже когда ситуация накаляется. - Не принимайте негатив на свой счёт. Постарайтесь как можно лучше разобраться в проблеме. Покажите искренний интерес, чтобы покупатель понимал, что ему хотят помочь.  Что делать:  - Узнайте имя. Обращайтесь к покупателю только так, как он представился. Если обсуждаете проблему при покупателе с сотрудником поддержки или руководством, не используйте местоимения «он» или «она» — называйте клиента по имени. - Выслушайте. Дайте покупателю высказаться и не перебивайте — так вы сможете понять контекст и вникнуть в суть проблемы. - Задайте вопросы. Когда покупатель закончит монолог, вежливо уточните то, что не поняли: «Я правильно вас услышал…?» «Я правильно понимаю, что…?» - Проявите эмпатию. Посочувствуйте, если покупатель расстроен: «Мне очень жаль, что вы получили вещь с дефектом». «Понимаю, как это неприятно». «Понимаю ваше негодование». - Извинитесь, если действительно допустили ошибку: «Извините, что списал деньги не за тот товар». «Простите за неудобства». «Извините, что вам приходится разбираться с этим». «Это моя ошибка, простите». Когда дали покупателю высказаться и разобрались в ситуации, предложите решение.  Что делать:  - Решите проблему. Проговорите все шаги для покупателя: «Сейчас мы вместе посмотрим товар под камерами и всё проверим. Если с вещью снова будут проблемы, сразу оформим возврат». - Предложите альтернативу. Если не можете решить проблему здесь и сейчас, помогите создать заявку на проверку товара или связаться со службой поддержки. - Не стесняйтесь обратиться за советом. Если не знаете, как поступить, попросите помочь более опытного коллегу или руководство."
"А OFFLINE  можно использовать всегда, или только в крайних случаях?","OFFLINE-вспомогательная программа, которая может работать без доступа к интернету. OFFLINE нужно использовать в случае, когда NPOS не работает. Например, если в ПВЗ отключили свет. Как только работу NPOS восстановят, данные из OFFLINE автоматически загрузятся в основную систему. Доступ к OFFLINE есть только из внутренней сети Wildberries."
Куда писать номер ячейки?,"Как избежать вычета за порчу товара: Не ставьте отметки маркером или ручкой на упаковке или самом товаре. Если нужно обозначить номер ячейки, пользуйтесь бумажными стикерами для заметок — такими, которые легко и без следов отклеиваются с поверхности. - Напоминайте покупателю, что нужно проверять товар под камерами до примерки и оплаты. - Не принимайте обычный возврат, если на товаре есть загрязнения. Такие вещи можно вернуть только с одобренной заявкой."
"Что делать, если камеры не работают?","Если пропала прямая трансляция, проблемы с камерами, напишите об этом в техническую поддержку. Отправьте письмо с темой «Видеонаблюдение» на адрес helpdesk.wb.pvz@yandex.ru. В обращении укажите:  - ваши данные (ФИО, ID менеджера, ID ПВЗ); - адрес ПВЗ; - марку роутера и оборудования для видеонаблюдения; - контакты для связи в Telegram; - краткое описание проблемы."
"Сколько дней товар хранится в пункте выдачи, если его не забрали?","Команда Wildberries использует много терминов и аббревиатур. Разберём основные из них, чтобы вам было проще общаться с коллегами и покупателями:  — ТП — торговая площадка. В нашем случае — платформа (маркетплейс) Wildberries.  — ПВЗ — пункт выдачи заказов. Это место, куда покупатели приходят за посылками. Сейчас у нас больше 28 тысяч пунктов по всей России и за пределами страны.  — ШК офиса (ПВЗ) — уникальный штрихкод, который даёт доступ к рабочему интерфейсу NPOS. Его можно посмотреть на ресепшене ПВЗ или уточнить у руководителя. Формат кода: OFFC000000000.  — ID (айди) офиса (ПВЗ) — номер пункта выдачи в системе Wildberries. ID офиса можно посмотреть в левом верхнем углу рабочего интерфейса в программе NPOS. Идентификационный номер помогает быстро и точно определить местоположение ПВЗ. Не забывайте указывать ID офиса, когда будете составлять обращения.  — ID (айди) менеджера — номер вашей учетной записи в системе Wildberries. ID менеджера можно посмотреть в левом верхнем углу рабочего интерфейса, рядом с вашим именем. Не забывайте указывать ID менеджера, когда будете составлять обращения.  — ШК — штрихкод. Он есть на упаковке каждого товара и на приходных коробках. По штрихкоду можно узнать содержимое посылки, адрес отправителя и получателя.  — Стикер — так же, как и штрихкод, помогает узнать информацию о заказе, но с его помощью нельзя искать товар в рабочей системе.  — Баркод — это штрихкод производителя на бирке или упаковке товара. По баркоду можно сверять данные о товаре с информацией, указанной в программе: размер, цвет, бренд и другие характеристики.  — QR-код — это двумерный штрихкод с информацией. QR-код можно расшифровать с помощью сканера или камеры смартфона.  — Волна или волнорез — стеллаж, где хранятся товары.  — Приходная коробка — упаковка, в которой заказы приходят в пункт выдачи. На такой коробке всегда есть QR-код с номером коробки, номером пути и адресом ПВЗ. Обязательно сверяйте адрес, зашифрованный в QR-коде, с фактическим адресом пункта выдачи.  — Невостребованный товар — это товар, который покупатель по какой-то причине не забрал из ПВЗ в течение 12 дней.  — Возвратная коробка — упаковка, в которой невостребованные товары отправляют обратно на склад. Возвратные коробки могут быть разных размеров и форм — все зависит от типа и количества товара.  — Возвратная наклейка — элемент упаковки со штрихкодом и номером коробки. Эти наклейки нужны для того, чтобы возвраты не потерялись в пути.  — Сейф-пакет — специальная упаковка для ювелирных изделий и дорогих гаджетов. Сейф-пакет защищает от кражи и повреждений. На каждом изделии должна быть пломба и бирка с информацией о товаре."
Что должно быть видно на камерах?,"Сверяйтесь с этим чек-листом в течение дня. Советуем приходить хотя бы за 30 минут до смены, чтобы спокойно подготовиться к открытию  1. Осмотрите пункт выдачи:  - Нет следов взлома или протечек - Сообщить руководителю, какие коробки пришли, а какие — нет - Проверить оборудование: всё должно работать  2. Осмотрите стол менеджера:  - На столе чисто: нет мусора и личных вещей - Нет следов скотча и маркера - Есть ножницы, канцелярский нож, маркеры, скотч и возвратные наклейки - Есть пакеты всех 4 размеров: большой, средний, маленький и пакет-майка - Провода лежат аккуратно, не путаются  3. Откройте рабочую программу:  - Убедиться, что интернет работает - Войти в NPOS  Если не знаете пароль от компьютера или WiFi, обратитесь к руководителю  4. Проверьте камеры:  - Видеонаблюдение работает: есть онлайн-трансляция в разделе «Видеонаблюдение» или в программе DMSS - На камерах видно основные зоны: клиентскую и склад  5. Примите товары:  - Проверить, что адрес на коробках совпадает с адресом ПВЗ - Принять и разобрать коробки - Разложить товары из приходных коробок по ячейкам - Вернуться в раздел «Приёмка» и нажать на кнопку «Разбор окончен»  Принимайте и разбирайте коробки только под камерой видеонаблюдения  Нельзя принять больше 10 коробок одновременно. Отсканируйте первые 10 коробок, разберите их, а потом переходите к следующим 10 коробкам  6. Соберите возвраты:  - Создать возвратную коробку - Добавить в коробку отказные и невостребованные товары  7. Напишите руководителю:  - Сообщить, что пункт готов к работе - Рассказать о проблемах, если они есть  8. Откройте пункт и начните выдавать заказы:  - Проверять товар на брак под камерами вместе с покупателем перед примеркой - После примерки проверять, что товар не подменили и не испортили внешний вид - Сверять штрихкоды на пакетах, чтобы не перепутать товары между собой - Если брак есть, сразу отмечать его в программе - Если брак на неотказном или невозвратном товаре, помочь покупателю с заявкой на возврат - Озвучивать покупателю количество товаров и общую сумму перед оплатой - Проверять, что деньги списались  Сейчас заказы часто оплачивают через WB Кошелёк. Спросите у покупателя, есть ли на счёте деньги, прежде чем списать оплату  9. Если нужно на перерыв, повесьте на дверь табличку с номером телефона менеджера, временем начала и окончания перерыва  За рабочий день можно сделать 4 перерыва. Каждый — не больше 15 минут  10. Перед закрытием выдайте последний заказ и подготовьте возвраты:  - Закрыть последний заказ в программе - Собрать отказы, возвраты и невостребованные товары - Отправить отказы клиентов после примерки и возвраты из дома в тот же день - Проверить вкладку «Вещи в офисе». В ней должны отображаться только неизвестные товары: с 2 штрихкодами, ишлишки и пересорт  Товары, которые доставили в пункт по ошибке, отправляйте на склад вместе с обычными возвратами  11. Приведите в порядок ПВЗ:  - Прибраться в клиентской зоне и на складе - Оставить несколько пустых коробок под возвраты на завтра - Порезать остальные коробки и создать для картона возвратную коробку в программе - Закрыть возвратные коробки в программе - Поставить коробки с картоном и возвратами под камерой  12. Осмотрите и закройте пункт:  - Нет протечек, замыкания или других проблем - Выключить свет - Закрыть дверь"
Как часто нужно мыть стеллажи?,"Проводите влажную и сухую уборку каждый день, чтобы поддерживать чистоту.  Что сделать:  - Оттереть следы на полу, дверях, стенах, мебели,стеллажах и в примерочных - Убрать жвачки, скотч и другую налипшую грязь с пола, стола и поверхностей - Протереть все горизонтальные поверхности: верх примерочных, светильники, вывески - Протереть зеркала - Подмести пол, в том числе под столами, стеллажами, пуфиками и урнами - Протереть влажной тряпкой пол, в том числе под столами, стеллажами, пуфиками и урнами - Вынести мусор"
"Что делать, если клиент получил товар с дефектом?","В заказе может оказаться вещь с браком или дефектом. Чтобы вернуть такой товар после получения в пункте выдачи, покупателю нужно создать заявку через профиль в мобильной версии сайта или в приложении Wildberries.  С 4 апреля 2024 года оформить заявку на проверку товара можно в течение 1 года после покупки."
"Куда нужно обратиться, если есть претензия по нехватке товара?","Если недостача произошла не по вашей вине, оспорьте вычет через «Заявку на оспаривание» в программе NPOS. В форме есть поле «Назначить на ревизию» — из выпадающего списка нужно выбрать склад или сортировочный центр (СЦ), где будут разбираться в ситуации.  Задача менеджера — по истории штрихкода правильно определить место, где товар сканировали в последний раз. Ниже рассказываем, как это сделать.  Чтобы правильно выбрать склад или СЦ, ориентируйтесь на историю перемещений товара: вещь могут подменить, не принять на складе или потерять в пути."
"Что делать, если на компе нет звука?","Звук не работает нигде:  1. Проверьте, не выключен ли звук на компьютере 2. Если кнопка звука на панели выглядит неактивной, нажмите на неё. Если не помогло: 1. Откройте меню 2. Перейдите в «Мультимедиа (Аудио)» 3. Затем выберите «Регулятор громкости PulseAudio (Микшер)» 4. Убедитесь, что во вкладке «Конфигурация» выбрали профиль «Аналоговый стерео дуплекс» 5. Проверьте устройство во вкладке «Устройства вывода». Если вы пользуетесь компьютером HP и звук играет с самого устройства, выберите «Динамики». Если подключены колонки, выберите соответствующее устройство, например, «Аналоговые наушники». 6. Во вкладке «Проигрывание» в правом нижнем углу окна выберите «All Streams»."
"Как быть, если посылка слишком большая для ячейки?","Если товар крупногабаритный (КГТ), не помещается в ячейку, можно создать для него виртуальную полку с номером в программе:  1. Откройте раздел «Вещи в офисе» → Места хранения → Печать ШК полок 2. Распечатайте ШК, если есть принтер, или сохраните штрихкод на планшете 3. Найдите подходящее место на складе и поставьте там упаковку с КГТ"
Как нужно задокументировать получение ювелирных изделий?,"Ювелирные изделия доставляют в сейф-пакете — его может вскрыть только менеджер. - Чтобы выдать ювелирное изделие, покажите под камерой, что пломба не повреждена и крепко держится на украшении. - Предупредите покупателя, что снимать и повреждать пломбу до покупки нельзя, а осматривать и примерять ювелирные изделия можно только под камерами. - Брать ювелирные изделия в примерочную запрещено. - Если в заказе есть другие товары, отложите ювелирное изделие на столе менеджера и отдайте его покупателю после того, как он выйдет из примерочной."
Где можно найти подробную инструкцию по возврату в программе NPOS?,"В разделе ""Возврат товара"" NPOS/OFFLINE можно провести возврат, который покупатель решил сделать после того, как забрал заказ из ПВЗ. Чтобы принять возврат: 1. Отсканируйте штрихкод на упаковке. 2. Если штрихкода нет, введите номер покупателя в поисковой строке через «7». 3. Откройте профиль покупателя — в разделе отобразятся его заказы за последние 14 дней. Проставьте галочку в левом столбце в строке товара, который нужно вернуть. 4. Отсканируйте баркод товара. 5. Сверьте марку, модель и размер с описанием в программе и карточкой товара. 6. Проверьте навесную бирку и штрихкод. Если вещь вернут в упаковке с другим ШК, программа посчитает это недостачей. 7. Если все соответствует описанию, нажмите на кнопку «Выполнить возврат» в правом нижнем правом углу. Деньги вернутся в течение 14 рабочих дней — точные сроки зависят от банка.  "
Как оформляется возврат в NPOS / OFFLINE?,"В разделе ""Возврат товара"" NPOS/OFFLINE можно провести возврат, который покупатель решил сделать после того, как забрал заказ из ПВЗ. Чтобы принять возврат: 1. Отсканируйте штрихкод на упаковке. 2. Если штрихкода нет, введите номер покупателя в поисковой строке через «7». 3. Откройте профиль покупателя — в разделе отобразятся его заказы за последние 14 дней. Проставьте галочку в левом столбце в строке товара, который нужно вернуть. 4. Отсканируйте баркод товара. 5. Сверьте марку, модель и размер с описанием в программе и карточкой товара. 6. Проверьте навесную бирку и штрихкод. Если вещь вернут в упаковке с другим ШК, программа посчитает это недостачей. 7. Если все соответствует описанию, нажмите на кнопку «Выполнить возврат» в правом нижнем правом углу. Деньги вернутся в течение 14 рабочих дней — точные сроки зависят от банка.  "
Как получить правильный штрихкод для товара без штрихкода?,"На товаре нет штрихкода при приемке: Способ 1  1. Если на товаре есть баркод, откройте раздел «Движение вещей» 2. Пикните баркод вещи — в программе отобразится приходная коробка и штрихкод товара  Способ 2  1. Запишите данные коробки, в которой был товар 2. Когда завершите приёмку, создайте обращение 3. Укажите номер коробки и баркод вещи — КЦ пришлют правильный штрихкод  Способ 3  1. После того как приняли и разложили все товары, откройте раздел «Движение вещей» 2. Выберите нужную дату: в окне отобразится операция «Завершение приёмки коробки» 3. Скопируйте номер из столбца «ШК / Стикер» 4. Перейдите в раздел «История ШК» и вставьте номер в пустое поле 5. Сравните вещь с карточкой товара. Если совпадает, примите товар вручную и напишите ШК на пакете. Если нет, напишите руководителю или в поддержку"
"А что делать, если клиент хочет вернуть товар, который нельзя возвращать?","Невозвратный товар надлежащего качества нельзя вернуть или обменять после покупки, но от него можно отказаться при получении.  Такие условия связаны с особыми требованиями к безопасности, гигиеническими стандартами или техническими характеристиками. "
"К кому обратиться, если проблемы с камерами?","Если пропала прямая трансляция, проблемы с камерами, напишите об этом в техническую поддержку. Отправьте письмо с темой «Видеонаблюдение» на адрес helpdesk.wb.pvz@yandex.ru. В обращении укажите:  - ваши данные (ФИО, ID менеджера, ID ПВЗ); - адрес ПВЗ; - марку роутера и оборудования для видеонаблюдения; - контакты для связи в Telegram; - краткое описание проблемы."
Как мы должны оформлять возврат товара в системе?,"В разделе ""Возврат товара"" NPOS/OFFLINE можно провести возврат, который покупатель решил сделать после того, как забрал заказ из ПВЗ. Чтобы принять возврат в системе: 1. Отсканируйте штрихкод на упаковке. 2. Если штрихкода нет, введите номер покупателя в поисковой строке через «7». 3. Откройте профиль покупателя — в разделе отобразятся его заказы за последние 14 дней. Проставьте галочку в левом столбце в строке товара, который нужно вернуть. 4. Отсканируйте баркод товара. 5. Сверьте марку, модель и размер с описанием в программе и карточкой товара. 6. Проверьте навесную бирку и штрихкод. Если вещь вернут в упаковке с другим ШК, программа посчитает это недостачей. 7. Если все соответствует описанию, нажмите на кнопку «Выполнить возврат» в правом нижнем правом углу. Деньги вернутся в течение 14 рабочих дней — точные сроки зависят от банка.  "
"Что делать, если покупатель принес товар обратно, а там что-то не то?","Если при возврате вы обнаружите брак или дефект, вежливо попросите покупателя создать заявку на брак через профиль в приложении или на сайте WB.  Без заявки принимать возврат нельзя: за это из зарплаты вычтут стоимость товара  - Предложите покупателю помощь с заявкой. Подробная инструкция есть в разделе «Как создать заявку на возврат в профиле покупателя». - Если покупатель уже создал заявку на брак, найдите его профиль в системе по ШК товара или номеру телефона. - Нажмите на кнопку «Заявки на товар по браку» в правом верхнем углу. В этом разделе отображаются заявки и их статус: «Отклонено», «На рассмотрении» или «Одобрено». - Изучите содержание заявки: проверьте, по какой причине покупатель хочет вернуть товар и соответствует ли вещь этому описанию. - Если всё в порядке, нажмите на кнопку «Выполнить возврат». - Предупредите покупателя, что возврат денег может занять до 7 календарных дней. Подробности — на сайте WB."
"Что можно узнать о товаре, если он был отправлен в коробку с возвратом?","В разделе «Движение вещей» можно посмотреть движение всех товаров за день в ПВЗ. Введите ШК товара в строку поиска, чтобы проверить:  - когда и во сколько приняли товар; - в какой коробке товар поступил в ПВЗ; - выкупили товар или отказались от него; - в какую коробку с возвратом добавили товар; - перемещали ли товар с ячейки на ячейку или полку."
"Как посмотреть, сколько мы заработали за конкретный день?","Во вкладке «Заработок» вы можете следить за состоянием личного счёта: посмотреть общую сумму заработка, узнать, за какие операции начисляли вознаграждение, и проверить недостачи.  Рядом с общей суммой на вкладке «Заработок» есть кнопка «Посмотреть по дням» — нажмите на неё, чтобы узнать более подробную информацию о начислениях и продуктивности за интересующую дату."
Как нужно проверять возвращаемые товары категории домашняя одежда?,"В категорию Домашняя одежда, нижнее и постельное бельё входят нижнее бельё, купальники, чулки, колготки, пижамы, халаты и постельное бельё. Вещи из этой категории можно примерять, только если об этом сказано в карточке товара. Покупатель может отказаться от такого товара после примерки в ПВЗ. Обязательно проверьте, что товар вернули в том же состоянии: со всеми бирками и упаковкой. - Если есть брак, нужно создать заявку на проверку товара в профиле покупателя."
"Как быть, если клиент приносит назад товар с дефектом, а у него заявка уже одобрена?","Чтобы принять возврат с заявкой по браку: 1. В окне покупок за последние 14 дней в правом верхнем углу появится раздел «Заявки на возврат по браку»: перейдите туда и проверьте статус заявки. 2. Проверьте причину возврата и убедитесь, что дефект соответствует тому, что клиент описал в заявке. 3. Внимательно осмотрите товар. Важно, чтобы упаковка и бирки были на месте, а внешний вид, бренд, цвет и комплектация не отличались от информации в карточке товара. Если в комплекте было несколько вещей, а покупатель вернёт не всё, то это будет считаться недостачей. 4. Если заявку на возврат одобрили, нажмите на кнопку «Выполнить возврат». Если заявку отклонили, попросите покупателя создать новую."
"Что делать, если на товаре нет штрихкода?","На товаре нет штрихкода при приемке: Способ 1  1. Если на товаре есть баркод, откройте раздел «Движение вещей» 2. Пикните баркод вещи — в программе отобразится приходная коробка и штрихкод товара  Способ 2  1. Запишите данные коробки, в которой был товар 2. Когда завершите приёмку, создайте обращение 3. Укажите номер коробки и баркод вещи — КЦ пришлют правильный штрихкод  Способ 3  1. После того как приняли и разложили все товары, откройте раздел «Движение вещей» 2. Выберите нужную дату: в окне отобразится операция «Завершение приёмки коробки» 3. Скопируйте номер из столбца «ШК / Стикер» 4. Перейдите в раздел «История ШК» и вставьте номер в пустое поле 5. Сравните вещь с карточкой товара. Если совпадает, примите товар вручную и напишите ШК на пакете. Если нет, напишите руководителю или в поддержку"
"Что делать, если отсканированный товар не совпадает с заказом клиента?","Нужно отсканировать товар, чтобы убедиться, что он действительно принадлежит покупателю.  Если товар не принадлежит покупателю, программа выдаст ошибку. Отложите этот товар в сторону, чтобы позже убрать его на правильную ячейку через вкладку «Вещи в офисе».  Затем вы попадёте в карточку покупателя, где можно увидеть наименование товара, количество, цену, размер, штрихкод и баркод.  После того как покупатель проверит товар, убедитесь, что сумма в правом верхнем углу и количество в левом верхнем углу верны. Затем уточните у покупателя, можно ли закрыть заказ, и проведите платеж — для этого нажмите на кнопку «Выдать товар». Деньги автоматически спишутся с банковской карты покупателя или из WB Кошелька.  "
"Как посмотреть, сколько бонусов начислили за прошлый месяц?",Во вкладке «Вознаграждения» хранится история операций. Можно посмотреть данные о бонусах за последние 3 месяца или выбрать конкретные даты и тип операции.
А у нас есть лопаты?,"Какой инвентарь должен быть в ПЗ: - Лопата для чистки снега (кроме пунктов внутри ТЦ), - Ведро, - Швабра, - Щётка и совок, - Тряпки, - Ножницы.  Инвентарь заказывают перед открытием нового пункта выдачи. Если что-то из списка сломалось, сообщите руководителю"
"Что делать, если с товара хотят удержать деньги из-за брака?","Чтобы избежать вычета из-за брака, внимательно проверяйте товар перед выдачей и после примерки. - Если заметили дефект, сразу ставьте отметку в программе NPOS — так вы не попадёте под коллективную ответственность за брак. - Когда покупатель отказывается от товара из-за брака, обязательно рассмотрите вещь и убедитесь, что дефект действительно есть. Если поставите отметку о браке на товар, у которого нет дефекта, с вас удержат стоимость обратной доставки на склад."
"Что делать, если возникли трудности?","Сохраняйте спокойствие в случае непредвиденной ситуации.Постарайтесь не нервничать и сконцентрироваться. Свяжитесь с руководителем. Как можно скорее сообщите о проблеме. Объясните, что случилось. Чётко и понятно передайте суть проблемы."
Сколько брендов представлено на Wildberries?,"Wildberries — крупнейший онлайн-ретейлер в России и СНГ. Название маркетплейса переводится как «дикие ягоды». Основатели компании, Татьяна и Владислав Бакальчук, начали бизнес в 2004 году с небольшого магазина детской одежды. Они сделали ставку на сервис и разнообразие, предложили покупателям удобные условия и высокий уровень обслуживания.  Стратегия оправдала себя: сегодня на Wildberries представлено около 600 000 брендов от более чем 1 млн продавцов. На складах компании хранится в среднем около 470 млн товаров, а совокупная площадь складских помещений составляет более 2,8 млн м².  Первый пункт выдачи заказов (ПВЗ) открылся в 2010 году в Москве, а после пункты стали появляться и в других городах: к 2012 году сеть насчитывала уже 134 точки. Компания продолжает расти и развиваться. Теперь ПВЗ Wildberries есть в Беларуси, Казахстане, Кыргызстане, Армении, Израиле, Молдове, Турции, Узбекистане и Азербайджане. Сейчас у компании больше 30 000 пунктов выдачи в России и за её пределами.  Ещё немного цифр:  - Каждый день на Wildberries оформляют 7 млн заказов. - Ежедневно больше 10 млн товаров отправляются в пункты выдачи. - 80% заказов доставляют уже на следующий день. - Больше 90% пользователей — постоянные покупатели Wildberries."
"Что делать, если в заказе есть товар, который нельзя вернуть?","Обратите внимание, если в заказе есть невозвратный или неотказной товар, обязательно предупредите об этом покупателя. Попросите проверить товар на ресепшене и помогите упаковать вещь обратно. Перед тем, как закрыть чек, уточните у покупателя, всё ли в порядке с товаром и готов ли он выкупить заказ. - Если покупатель заметил дефект, брак или истекший срок годности, помогите ему создать заявку на возврат в профиле."
